Afghanistan;; Kabul;n113;@spitzlbergerj,@TipsyNurse
Albania;; Tirana;n284;@spitzlbergerj,@TipsyNurse
Algeria;; Algiers;n14;@spitzlbergerj,@TipsyNurse
Andorra;; Andorra La Vella;n686;@spitzlbergerj,@TipsyNurse
Angola;; Luanda;n138;@spitzlbergerj,@TipsyNurse
Antigua and Barbuda;; Saint John's;n688;@spitzlbergerj,@TipsyNurse
Argentina; Córdoba; Córdoba;n485;@spitzlbergerj,@TipsyNurse
Argentina;; Buenos Aires;n51;@spitzlbergerj,@TipsyNurse
Armenia;; Yerevan;n370;@spitzlbergerj,@TipsyNurse
Australia; Australian Capital Territory; Canberra;n57;@spitzlbergerj,@TipsyNurse
Australia; Queensland; Brisbane;n47;@spitzlbergerj,@TipsyNurse
Australia; Queensland; Cairns;n927;@spitzlbergerj,@TipsyNurse
Australia; South Australia; Adelaide;n5;@spitzlbergerj,@TipsyNurse
Australia; Tasmania; Hobart;n396;@spitzlbergerj,@TipsyNurse
Australia; Victoria; Melbourne;n152;@spitzlbergerj,@TipsyNurse
Australia; Western Australia; Eucla;n1980;@spitzlbergerj,@TipsyNurse
Australia; Western Australia; Perth;n196;@spitzlbergerj,@TipsyNurse
Australia;new South Wales; Sydney;n240;@spitzlbergerj,@TipsyNurse
Australia;northern Territory; Alice Springs;n929;@spitzlbergerj,@TipsyNurse
Australia;northern Territory; Darwin;n72;@spitzlbergerj,@TipsyNurse
Austria; Vienna; Vienna;n259;@spitzlbergerj,@TipsyNurse
Azerbaijan;; Baku;n369;@spitzlbergerj,@TipsyNurse
Bahamas;;nassau;n173;@spitzlbergerj,@TipsyNurse
Bahrain;; Manama;n15;@spitzlbergerj,@TipsyNurse
Bangladesh;; Dhaka;n73;@spitzlbergerj,@TipsyNurse
Barbados;; Bridgetown;n46;@spitzlbergerj,@TipsyNurse
Belarus;; Minsk;n285;@spitzlbergerj,@TipsyNurse
Belgium; Brussels; Brussels;n48;@spitzlbergerj,@TipsyNurse
Belize;; Belmopan;n36;@spitzlbergerj,@TipsyNurse
Benin;; Portonovo;n203;@spitzlbergerj,@TipsyNurse
Bermuda;; Hamilton;n38;@spitzlbergerj,@TipsyNurse
Bhutan;; Thimphu;n690;@spitzlbergerj,@TipsyNurse
Bolivia;; La Paz;n124;@spitzlbergerj,@TipsyNurse
Bolivia;; Sucre;n1888;@spitzlbergerj,@TipsyNurse
Bosnia-Herzegovina;; Sarajevo;n691;@spitzlbergerj,@TipsyNurse
Botswana;; Gaborone;n86;@spitzlbergerj,@TipsyNurse
Brazil; Acre; Rio Branco;n752;@spitzlbergerj,@TipsyNurse
Brazil; Amazonas; Manaus;n144;@spitzlbergerj,@TipsyNurse
Brazil; Bahia; Salvador;n222;@spitzlbergerj,@TipsyNurse
Brazil; Ceará; Fortaleza;n491;@spitzlbergerj,@TipsyNurse
Brazil; Distrito Federal; Brasilia;n45;@spitzlbergerj,@TipsyNurse
Brazil; Pará; Belém;n446;@spitzlbergerj,@TipsyNurse
Brazil; Pernambuco; Recife;n209;@spitzlbergerj,@TipsyNurse
Brazil; Rio de Janeiro; Rio de Janeiro;n213;@spitzlbergerj,@TipsyNurse
Brazil; São Paulo; São Paulo;n233;@spitzlbergerj,@TipsyNurse
British India Ocean Territory;; Diego Garcia;n932;@spitzlbergerj,@TipsyNurse
Brunei;; Bandar Seri Begawan;n693;@spitzlbergerj,@TipsyNurse
Bulgaria;; Sofia;n238;@spitzlbergerj,@TipsyNurse
Burkina Faso;; Ouagadougou;n186;@spitzlbergerj,@TipsyNurse
Burundi;; Bujumbura;n52;@spitzlbergerj,@TipsyNurse
Burundi;; Gitega;n3446;@spitzlbergerj,@TipsyNurse
Cabo Verde;; Praia;n685;@spitzlbergerj,@TipsyNurse
Cambodia;; Phnom Penh;n199;@spitzlbergerj,@TipsyNurse
Cameroon;; Yaoundé;n267;@spitzlbergerj,@TipsyNurse
Canada; Alberta; Calgary;n55;@spitzlbergerj,@TipsyNurse
Canada; Alberta; Edmonton;n80;@spitzlbergerj,@TipsyNurse
Canada; British Columbia; Vancouver;n256;@spitzlbergerj,@TipsyNurse
Canada; Manitoba; Winnipeg;n265;@spitzlbergerj,@TipsyNurse
Canada; Ontario; Ottawa;n188;@spitzlbergerj,@TipsyNurse
Canada; Ontario; Toronto;n250;@spitzlbergerj,@TipsyNurse
Canada; Quebec; Blanc-Sablon;n1922;@spitzlbergerj,@TipsyNurse
Canada; Quebec; Chibougamau;n2438;@spitzlbergerj,@TipsyNurse
Canada; Quebec; Kuujjuaq;n3768;@spitzlbergerj,@TipsyNurse
Canada; Quebec; Montréal;n165;@spitzlbergerj,@TipsyNurse
Canada; Quebec; Québec;n189;@spitzlbergerj,@TipsyNurse
Canada; Saskatchewan; Regina;n210;@spitzlbergerj,@TipsyNurse
Canada; Yukon; Whitehorse;n679;@spitzlbergerj,@TipsyNurse
Canada;new Brunswick; Saint John;n749;@spitzlbergerj,@TipsyNurse
Canada;newfoundland and Labrador; Happy Valley-Goose Bay;n1137;@spitzlbergerj,@TipsyNurse
Canada;newfoundland and Labrador; Mary's Harbour;n4880;@spitzlbergerj,@TipsyNurse
Canada;newfoundland and Labrador; St. John's;n175;@spitzlbergerj,@TipsyNurse
Canada;northwest Territories; Inuvik;n1145;@spitzlbergerj,@TipsyNurse
Canada;northwest Territories; Yellowknife;n678;@spitzlbergerj,@TipsyNurse
Canada;nova Scotia; Halifax;n286;@spitzlbergerj,@TipsyNurse
Canada;nunavut; Alert;n3368;@spitzlbergerj,@TipsyNurse
Canada;nunavut; Baker Lake;n1157;@spitzlbergerj,@TipsyNurse
Canada;nunavut; Coral Harbour;n1160;@spitzlbergerj,@TipsyNurse
Canada;nunavut; Eureka;n3764;@spitzlbergerj,@TipsyNurse
Canada;nunavut; Grise Fiord;n3801;@spitzlbergerj,@TipsyNurse
Canada;nunavut; Pond Inlet;n1164;@spitzlbergerj,@TipsyNurse
Canada;nunavut; Resolute Bay;n2380;@spitzlbergerj,@TipsyNurse
Cayman Islands;; George Town;n377;@spitzlbergerj,@TipsyNurse
Central African Republic;; Bangui;n694;@spitzlbergerj,@TipsyNurse
Chad;;n'Djamena;n174;@spitzlbergerj,@TipsyNurse
Chile;; Easter Island;n914;@spitzlbergerj,@TipsyNurse
Chile;; Punta Arenas;n574;@spitzlbergerj,@TipsyNurse
Chile;; Santiago;n232;@spitzlbergerj,@TipsyNurse
China; Beijing Municipality; Beijing;n33;@spitzlbergerj,@TipsyNurse
China; Chongqing Municipality; Chongqing;n470;@spitzlbergerj,@TipsyNurse
China; Guangdong; Shenzhen;n1232;@spitzlbergerj,@TipsyNurse
China; Jiangsu; Suzhou;n2148;@spitzlbergerj,@TipsyNurse
China; Shanghai Municipality; Shanghai;n237;@spitzlbergerj,@TipsyNurse
China; Tibet; Lhasa;n918;@spitzlbergerj,@TipsyNurse
China; Xinjiang; Ürümqi;n655;@spitzlbergerj,@TipsyNurse
Colombia;; Bogota;n41;@spitzlbergerj,@TipsyNurse
Comoros;; Moroni;n696;@spitzlbergerj,@TipsyNurse
Congo;; Brazzaville;n926;@spitzlbergerj,@TipsyNurse
Congo Dem. Rep.;; Kinshasa;n121;@spitzlbergerj,@TipsyNurse
Congo Dem. Rep.;; Lubumbashi;n139;@spitzlbergerj,@TipsyNurse
Cook Islands;; Rarotonga;n279;@spitzlbergerj,@TipsyNurse
Costa Rica  ;; San Jose;n225;@spitzlbergerj,@TipsyNurse
Cote d'Ivoire (Ivory Coast);; Abidjan;n1;@spitzlbergerj,@TipsyNurse
Cote d'Ivoire (Ivory Coast);; Yamoussoukro;n935;@spitzlbergerj,@TipsyNurse
Croatia; ; Split;n2390;@robiv8
Croatia; ; Zagreb;n281;@robiv8
Croatia   ;; Zagreb;n281;@spitzlbergerj,@TipsyNurse
Cuba   ;; Havana;n99;@spitzlbergerj,@TipsyNurse
Cyprus   ;;nicosia;n680;@spitzlbergerj,@TipsyNurse
Czech Republic; ; Brno;n1960;@zdenek
Czech Republic; ; Hradec Králové;n4344;@zdenek
Czech Republic; ; Karlovy Vary;n4726;@zdenek
Czech Republic; ; Liberec;n3673;@zdenek
Czech Republic; ; Olomouc;n4343;@zdenek
Czech Republic; ; Ostrava;n2202;@zdenek
Czech Republic; ; Plzeň;n2172;@zdenek
Czech Republic; ; Praha;n204;@zdenek
Czech Republic; ; Tábor;n2201;@zdenek
Czech Republic; ; Teplice;n5513;@zdenek
Czech Republic; ; Ústínad Labem;n4345;@zdenek
Czech Republic  ;; Prague;n204;@spitzlbergerj,@TipsyNurse
Denmark   ;; Copenhagen;n69;@spitzlbergerj,@TipsyNurse
Djibouti   ;; Djibouti;n697;@spitzlbergerj,@TipsyNurse
Dominica   ;; Roseau;n698;@spitzlbergerj,@TipsyNurse
Dominican Republic  ;; Santo Domingo;n230;@spitzlbergerj,@TipsyNurse
Ecuador   ;; Galapagos Islands;n915;@spitzlbergerj,@TipsyNurse
Ecuador   ;; Guayaquil;n93;@spitzlbergerj,@TipsyNurse
Ecuador   ;; Quito;n190;@spitzlbergerj,@TipsyNurse
Egypt   ;; Cairo;n53;@spitzlbergerj,@TipsyNurse
El Salvador  ;; San Salvador;n228;@spitzlbergerj,@TipsyNurse
Equatorial Guinea  ;; Malabo;n699;@spitzlbergerj,@TipsyNurse
Eritrea   ;; Asmara;n700;@spitzlbergerj,@TipsyNurse
Estonia   ;; Tallinn;n242;@spitzlbergerj,@TipsyNurse
eSwatini   ;; Mbabane;n149;@spitzlbergerj,@TipsyNurse
Ethiopia   ;; Addis Ababa;n7;@spitzlbergerj,@TipsyNurse
Falkland Islands  ;; Stanley;n630;@spitzlbergerj,@TipsyNurse
Faroe Islands  ;; Tórshavn;n701;@spitzlbergerj,@TipsyNurse
Fiji   ;; Suva;n82;@spitzlbergerj,@TipsyNurse
Finland   ;; Helsinki;n101;@spitzlbergerj,@TipsyNurse
Finland   ;; Kemi;n3718;@spitzlbergerj,@TipsyNurse
Finland   ;; Rovaniemi;n1401;@spitzlbergerj,@TipsyNurse
France;; Paris;n195;
France   ; Île-de-France; Paris;n195;@spitzlbergerj,@TipsyNurse
French Guiana  ;; Cayenne;n61;@spitzlbergerj,@TipsyNurse
French Polynesia  ; Tahiti; Papeete;n278;@spitzlbergerj,@TipsyNurse
French Southern Territories ;; Amsterdam Island;n3658;@spitzlbergerj,@TipsyNurse
French Southern Territories ;; Port-aux-Francais;n397;@spitzlbergerj,@TipsyNurse
Gabon   ;; Libreville;n129;@spitzlbergerj,@TipsyNurse
Gambia   ;; Banjul;n30;@spitzlbergerj,@TipsyNurse
Georgia   ;; Tbilisi;n371;@spitzlbergerj,@TipsyNurse
Germany; ; Duisburg;n957;@lavolp3
Germany; ; Duisburg, North Rhine-Westphalia; n957; @lavolp3
Germany; ; Frankfurt a.M.;n83 ;@Sean
Germany; ; Hamburg;n307;@MyMirror
Germany; ; Krefeld;n973;@lavolp3
Germany; ; Moers;n1016;@lavolp3
Germany; ; Mülheim/Ruhr;n2011;@lavolp3
Germany; ; Munich; n168; @Fozi
Germany; ; Solingen;n987 ;@yawns
Germany; ; Stuttgart;n317;@robiv8
Germany; ; Wuppertal;n959;@Sandy2503
Germany; Baden-Württemberg; Walldorf;n48;@MoreLinux
Germany;; Berlin;n37;
Germany   ; Berlin; Berlin;n37;@spitzlbergerj,@TipsyNurse
Germany   ; Hessen; Frankfurt;n83;@spitzlbergerj,@TipsyNurse
Ghana   ;; Accra;n4;@spitzlbergerj,@TipsyNurse
Gibraltar   ;; Gibraltar;n89;@spitzlbergerj,@TipsyNurse
Greece;; Athens;n26;@Anthony
Greece   ;; Athens;n26;@spitzlbergerj,@TipsyNurse
Greenland   ;; Danmarkshavn;n2114;@spitzlbergerj,@TipsyNurse
Greenland   ;; Ittoqqortoormiit;n705;@spitzlbergerj,@TipsyNurse
Greenland   ;; Kangerlussuaq;n4217;@spitzlbergerj,@TipsyNurse
Greenland   ;; Qaanaaq;n3724;@spitzlbergerj,@TipsyNurse
Greenland   ;; Thule Air Base;n704;@spitzlbergerj,@TipsyNurse
Greenland   ;;nuuk;n703;@spitzlbergerj,@TipsyNurse
Grenada   ;; Saint George's;n706;@spitzlbergerj,@TipsyNurse
Guadeloupe   ;; Basse-Terre;n707;@spitzlbergerj,@TipsyNurse
Guam   ;; Hagåtña;n91;@spitzlbergerj,@TipsyNurse
Guatemala   ;; Guatemala City;n94;@spitzlbergerj,@TipsyNurse
Guinea   ;; Conakry;n67;@spitzlbergerj,@TipsyNurse
Guinea-Bissau   ;; Bissau;n40;@spitzlbergerj,@TipsyNurse
Guyana   ;; Georgetown;n88;@spitzlbergerj,@TipsyNurse
Haiti   ;; Port-au-Prince;n709;@spitzlbergerj,@TipsyNurse
Honduras   ;; Tegucigalpa;n245;@spitzlbergerj,@TipsyNurse
Hong Kong  ;; Hong Kong;n102;@spitzlbergerj,@TipsyNurse
Hungary   ;; Budapest;n50;@spitzlbergerj,@TipsyNurse
Iceland   ;; Reykjavik;n211;@spitzlbergerj,@TipsyNurse
India   ; Bihar; Patna;n1040;@spitzlbergerj,@TipsyNurse
India   ; Delhi; Delhi;n771;@spitzlbergerj,@TipsyNurse
India   ; Delhi;new Delhi;n176;@spitzlbergerj,@TipsyNurse
India   ; Gujarat; Surat;n1039;@spitzlbergerj,@TipsyNurse
India   ; Karnataka; Bangalore;n438;@spitzlbergerj,@TipsyNurse
India   ; Kerala; Thiruvananthapuram;n1892;@spitzlbergerj,@TipsyNurse
India   ; Madhya Pradesh; Indore;n1041;@spitzlbergerj,@TipsyNurse
India   ; Maharashtra; Mumbai;n44;@spitzlbergerj,@TipsyNurse
India   ; Maharashtra; Pune;n1038;@spitzlbergerj,@TipsyNurse
India   ; Odisha; Bhubaneshwar;n1042;@spitzlbergerj,@TipsyNurse
India   ; Punjab; Ahmedgarh;n4498;@spitzlbergerj,@TipsyNurse
India   ; Punjab; Ludhiana;n1043;@spitzlbergerj,@TipsyNurse
India   ; Tamilnadu; Chennai;n553;@spitzlbergerj,@TipsyNurse
India   ; Tamilnadu; Madurai;n1047;@spitzlbergerj,@TipsyNurse
India   ; Uttar Pradesh; Agra;n1046;@spitzlbergerj,@TipsyNurse
India   ; Uttar Pradesh; Varanasi;n1045;@spitzlbergerj,@TipsyNurse
India   ; West Bengal; Kolkata;n54;@spitzlbergerj,@TipsyNurse
Indonesia   ; Bali; Denpasar;n761;@spitzlbergerj,@TipsyNurse
Indonesia   ; East Java; Surabaya;n631;@spitzlbergerj,@TipsyNurse
Indonesia   ; East Kalimantan; Balikpapan;n434;@spitzlbergerj,@TipsyNurse
Indonesia   ; Jakarta Special Capital Region; Jakarta;n108;@spitzlbergerj,@TipsyNurse
Indonesia   ; Papua; Jayapura;n759;@spitzlbergerj,@TipsyNurse
Indonesia   ; South Sulawesi; Makassar;n653;@spitzlbergerj,@TipsyNurse
Indonesia   ; West Java; Bandung;n437;@spitzlbergerj,@TipsyNurse
Indonesia   ; West Kalimantan; Pontianak;n2120;@spitzlbergerj,@TipsyNurse
Indonesia   ; West Papua; Manokwari;n2436;@spitzlbergerj,@TipsyNurse
Indonesia   ;north Sulawesi; Manado;n555;@spitzlbergerj,@TipsyNurse
Iran   ;; Tehran;n246;@spitzlbergerj,@TipsyNurse
Iraq   ;; Baghdad;n27;@spitzlbergerj,@TipsyNurse
Ireland   ;; Dublin;n78;@spitzlbergerj,@TipsyNurse
Isle of Man ;; Douglas;n716;@spitzlbergerj,@TipsyNurse
Israel   ;; Jerusalem;n110;@spitzlbergerj,@TipsyNurse
Israel   ;; Tel Aviv;n676;@spitzlbergerj,@TipsyNurse
Italy   ;; Milan;n157;@spitzlbergerj,@TipsyNurse
Italy   ;; Rome;n215;@spitzlbergerj,@TipsyNurse
Jamaica   ;; Kingston;n120;@spitzlbergerj,@TipsyNurse
Japan   ;; Kobe;n540;@spitzlbergerj,@TipsyNurse
Japan   ;; Kyoto;n538;@spitzlbergerj,@TipsyNurse
Japan   ;; Osaka;n671;@spitzlbergerj,@TipsyNurse
Japan   ;; Sapporo;n622;@spitzlbergerj,@TipsyNurse
Japan   ;; Tokyo;n248;@spitzlbergerj,@TipsyNurse
Japan   ;; Yokohama;n667;@spitzlbergerj,@TipsyNurse
Japan   ;;nagoya;n565;@spitzlbergerj,@TipsyNurse
Jordan   ;; Amman;n11;@spitzlbergerj,@TipsyNurse
Kazakhstan   ;; Almaty;n382;@spitzlbergerj,@TipsyNurse
Kazakhstan   ;; Aqtobe;n916;@spitzlbergerj,@TipsyNurse
Kazakhstan   ;; Oral;n2352;@spitzlbergerj,@TipsyNurse
Kazakhstan   ;;nursultan;n921;@spitzlbergerj,@TipsyNurse
Kenya   ;;nairobi;n170;@spitzlbergerj,@TipsyNurse
Kiribati   ; Christmas Island; Kiritimati;n274;@spitzlbergerj,@TipsyNurse
Kiribati   ;; Tarawa;n675;@spitzlbergerj,@TipsyNurse
Kosovo   ;; Pristina;n743;@spitzlbergerj,@TipsyNurse
Kuwait   ;; Kuwait City;n123;@spitzlbergerj,@TipsyNurse
Kyrgyzstan   ;; Bishkek;n384;@spitzlbergerj,@TipsyNurse
Laos   ;; Vientiane;n260;@spitzlbergerj,@TipsyNurse
Latvia   ;; Riga;n602;@spitzlbergerj,@TipsyNurse
Lebanon   ;; Beirut;n34;@spitzlbergerj,@TipsyNurse
Lesotho   ;; Maseru;n147;@spitzlbergerj,@TipsyNurse
Liberia   ;; Monrovia;n161;@spitzlbergerj,@TipsyNurse
Libya   ;; Tripoli;n252;@spitzlbergerj,@TipsyNurse
Liechtenstein   ;; Vaduz;n714;@spitzlbergerj,@TipsyNurse
Lithuania   ;; Vilnius;n660;@spitzlbergerj,@TipsyNurse
Luxembourg   ;; Luxembourg;n534;@spitzlbergerj,@TipsyNurse
Madagascar   ;; Antananarivo;n20;@spitzlbergerj,@TipsyNurse
Malawi   ;; Lilongwe;n130;@spitzlbergerj,@TipsyNurse
Malaysia   ; Kuala Lumpur; Kuala Lumpur;n122;@spitzlbergerj,@TipsyNurse
Maldives   ;; Male;n715;@spitzlbergerj,@TipsyNurse
Mali   ;; Bamako;n29;@spitzlbergerj,@TipsyNurse
Mali   ;; Timbuktu;n2328;@spitzlbergerj,@TipsyNurse
Malta   ;; Valletta;n255;@spitzlbergerj,@TipsyNurse
Marshall Islands  ;; Majuro;n717;@spitzlbergerj,@TipsyNurse
Martinique   ;; Fort-de-France;n718;@spitzlbergerj,@TipsyNurse
Mauritania   ;;nouakchott;n183;@spitzlbergerj,@TipsyNurse
Mauritius   ;; Port Louis;n201;@spitzlbergerj,@TipsyNurse
Mexico   ; Aguascalientes; Aguascalientes;n9;@spitzlbergerj,@TipsyNurse
Mexico   ; Baja California; Mexicali;n154;@spitzlbergerj,@TipsyNurse
Mexico   ; Baja California; Tijuana;n247;@spitzlbergerj,@TipsyNurse
Mexico   ; Ciudad de México; Mexico City;n155;@spitzlbergerj,@TipsyNurse
Mexico   ; Guerrero; Acapulco;n3;@spitzlbergerj,@TipsyNurse
Mexico   ; Hermosillo, Sonora, n503, @rafaelcota
Mexico   ; Jalisco; Guadalajara;n92;@spitzlbergerj,@TipsyNurse
Mexico   ; Quintana Roo; Cancún;n923;@spitzlbergerj,@TipsyNurse
Mexico   ; Sinaloa; Mazatlan;n148;@spitzlbergerj,@TipsyNurse
Mexico   ; Sonora; Hermosillo;n503;@spitzlbergerj,@TipsyNurse
Mexico   ; Veracruz; Veracruz;n258;@spitzlbergerj,@TipsyNurse
Micronesia   ; Pohnpei; Palikir;n1072;@spitzlbergerj,@TipsyNurse
Moldova   ;; Chișinău;n177;@spitzlbergerj,@TipsyNurse
Monaco   ;; Monaco;n674;@spitzlbergerj,@TipsyNurse
Mongolia   ;; Hovd;n950;@spitzlbergerj,@TipsyNurse
Mongolia   ;; Ulaanbaatar;n720;@spitzlbergerj,@TipsyNurse
Montenegro   ;; Podgorica;n744;@spitzlbergerj,@TipsyNurse
Morocco   ;; Casablanca;n60;@spitzlbergerj,@TipsyNurse
Morocco   ;; Rabat;n206;@spitzlbergerj,@TipsyNurse
Mozambique   ;; Maputo;n146;@spitzlbergerj,@TipsyNurse
Myanmar   ;; Yangon;n208;@spitzlbergerj,@TipsyNurse
Myanmar   ;;naypyidaw;n1981;@spitzlbergerj,@TipsyNurse
Namibia   ;; Windhoek;n266;@spitzlbergerj,@TipsyNurse
Nauru   ;; Yaren;n276;@spitzlbergerj,@TipsyNurse
Nepal   ;; Kathmandu;n117;@spitzlbergerj,@TipsyNurse
Netherlands; ; Amsterdam;n16;@MWel197
Netherlands; ; Arnhem;n1296;@MWel197
Netherlands   ;; Amsterdam;n16;@spitzlbergerj,@TipsyNurse
New Zealand  ; Auckland; Auckland;n22;@spitzlbergerj,@TipsyNurse
New Zealand  ; Chatham Islands; Chatham Islands;n63;@spitzlbergerj,@TipsyNurse
New Zealand  ; Wellington; Wellington;n264;@spitzlbergerj,@TipsyNurse
Nicaragua   ;; Managua;n143;@spitzlbergerj,@TipsyNurse
Niger   ;;niamey;n180;@spitzlbergerj,@TipsyNurse
Nigeria   ;; Abuja;n742;@spitzlbergerj,@TipsyNurse
Nigeria   ;; Lagos;n125;@spitzlbergerj,@TipsyNurse
Niue   ;; Alofi;n724;@spitzlbergerj,@TipsyNurse
North Korea  ;; Pyongyang;n205;@spitzlbergerj,@TipsyNurse
North Macedonia  ;; Skopje;n673;@spitzlbergerj,@TipsyNurse
Northern Ireland;;;n4391;@aidandon
Norway; ; Alta;n2513;@THeStigh
Norway; ; Bergen;n287;@THeStigh
Norway; ; Finnsnes;n5267;@THeStigh
Norway; ; Oslo;n187;@THeStigh
Norway; ; Stavanger;n289 ;@THeStigh
Norway; ; Tromso;n290;@THeStigh
Norway; ; Trondheim;n288 ;@THeStigh
Norway;; Oslo;n187;
Norway   ; Svalbard; Longyearbyen;n737;@spitzlbergerj,@TipsyNurse
Norway   ;; Oslo;n187;@spitzlbergerj,@TipsyNurse
Norway   ;; Tromsø;n290;@spitzlbergerj,@TipsyNurse
Oman   ;; Muscat;n169;@spitzlbergerj,@TipsyNurse
Pakistan   ; Sindh; Karachi;n757;@spitzlbergerj,@TipsyNurse
Pakistan   ;; Islamabad;n106;@spitzlbergerj,@TipsyNurse
Pakistan   ;; Lahore;n756;@spitzlbergerj,@TipsyNurse
Palau   ;;ngerulmud;n5606;@spitzlbergerj,@TipsyNurse
Panama   ;; Panama;n192;@spitzlbergerj,@TipsyNurse
Papuanew Guinea ;; Port Moresby;n193;@spitzlbergerj,@TipsyNurse
Paraguay   ;; Asuncion;n21;@spitzlbergerj,@TipsyNurse
Peru   ; Lima; Lima;n131;@spitzlbergerj,@TipsyNurse
Philippines   ;; Manila;n145;@spitzlbergerj,@TipsyNurse
Pitcairn Islands  ;; Adamstown;n755;@spitzlbergerj,@TipsyNurse
Poland   ;; Warsaw;n262;@spitzlbergerj,@TipsyNurse
Portugal   ; Azores; Ponta Delgada;n271;@spitzlbergerj,@TipsyNurse
Portugal   ;; Lisbon;n133;@spitzlbergerj,@TipsyNurse
Puerto Rico  ;; San Juan;n226;@spitzlbergerj,@TipsyNurse
Qatar   ;; Doha;n8;@spitzlbergerj,@TipsyNurse
Réunion (French)  ;; Saint-Denis;n216;@spitzlbergerj,@TipsyNurse
Romania   ;; Bucharest;n49;@spitzlbergerj,@TipsyNurse
Russia   ; Arkhangelsk; Belushya Guba;n2437;@spitzlbergerj,@TipsyNurse
Russia   ; Bashkortostan; Ufa;n356;@spitzlbergerj,@TipsyNurse
Russia   ; Chelyabinsk; Chelyabinsk;n373;@spitzlbergerj,@TipsyNurse
Russia   ; Chukotka; Anadyr;n17;@spitzlbergerj,@TipsyNurse
Russia   ; Chukotka; Pevek;n3795;@spitzlbergerj,@TipsyNurse
Russia   ; Irkutsk; Irkutsk;n378;@spitzlbergerj,@TipsyNurse
Russia   ; Kaliningrad; Kaliningrad;n528;@spitzlbergerj,@TipsyNurse
Russia   ; Kamchatka; Petropavlovsk-Kamchatsky;n114;@spitzlbergerj,@TipsyNurse
Russia   ; Khabarovsk; Komsomolsk-on-Amur;n2439;@spitzlbergerj,@TipsyNurse
Russia   ; Krasnoyarsk; Khatanga;n3735;@spitzlbergerj,@TipsyNurse
Russia   ; Krasnoyarsk; Krasnoyarsk;n372;@spitzlbergerj,@TipsyNurse
Russia   ; Krasnoyarsk;norilsk;n381;@spitzlbergerj,@TipsyNurse
Russia   ; Magadan; Magadan;n380;@spitzlbergerj,@TipsyNurse
Russia   ; Moscow; Moscow;n166;@spitzlbergerj,@TipsyNurse
Russia   ; Murmansk; Murmansk;n167;@spitzlbergerj,@TipsyNurse
Russia   ; Omsk; Omsk;n374;@spitzlbergerj,@TipsyNurse
Russia   ; Perm; Perm;n357;@spitzlbergerj,@TipsyNurse
Russia   ; Primorsky; Vladivostok;n261;@spitzlbergerj,@TipsyNurse
Russia   ; Saint Petersburg; Saint-Petersburg;n352;@spitzlbergerj,@TipsyNurse
Russia   ; Sakha (Yakutia); Srednekolymsk;n4211;@spitzlbergerj,@TipsyNurse
Russia   ; Sakha (Yakutia); Tiksi;n3769;@spitzlbergerj,@TipsyNurse
Russia   ; Sakha (Yakutia); Verkhoyansk;n3767;@spitzlbergerj,@TipsyNurse
Russia   ; Sakha (Yakutia); Yakutsk;n1907;@spitzlbergerj,@TipsyNurse
Russia   ; Sakhalin; Yuzhno-Sakhalinsk;n1245;@spitzlbergerj,@TipsyNurse
Russia   ; Samara; Samara;n355;@spitzlbergerj,@TipsyNurse
Russia   ; Sverdlovsk; Yekaterinburg;n358;@spitzlbergerj,@TipsyNurse
Russia   ; Tatarstan; Kazan;n354;@spitzlbergerj,@TipsyNurse
Russia   ; Udmurtia; Izhevsk;n364;@spitzlbergerj,@TipsyNurse
Russia   ; Zabaykalsky; Chita;n4096;@spitzlbergerj,@TipsyNurse
Russia   ;novgorod;novgorod;n353;@spitzlbergerj,@TipsyNurse
Russia   ;novosibirsk;novosibirsk;n375;@spitzlbergerj,@TipsyNurse
Rwanda   ;; Kigali;n119;@spitzlbergerj,@TipsyNurse
Saint Helena  ;; Jamestown;n727;@spitzlbergerj,@TipsyNurse
Saint Kitts andnevis;; Basseterre;n728;@spitzlbergerj,@TipsyNurse
Saint Lucia  ;; Castries;n729;@spitzlbergerj,@TipsyNurse
Saint Vincent and Grenadines;; Kingstown;n731;@spitzlbergerj,@TipsyNurse
Samoa   ;; Apia;n282;@spitzlbergerj,@TipsyNurse
San Marino  ;; San Marino;n732;@spitzlbergerj,@TipsyNurse
Sao Tome and Principe;; São Tomé;n733;@spitzlbergerj,@TipsyNurse
Saudi Arabia  ;; Makkah;n151;@spitzlbergerj,@TipsyNurse
Saudi Arabia  ;; Medina;n1942;@spitzlbergerj,@TipsyNurse
Saudi Arabia  ;; Riyadh;n214;@spitzlbergerj,@TipsyNurse
Senegal   ;; Dakar;n74;@spitzlbergerj,@TipsyNurse
Serbia   ;; Belgrade;n35;@spitzlbergerj,@TipsyNurse
Seychelles   ;; Victoria;n734;@spitzlbergerj,@TipsyNurse
Sierra Leone  ;; Freetown;n85;@spitzlbergerj,@TipsyNurse
Singapore   ;; Singapore;n236;@spitzlbergerj,@TipsyNurse
Slovakia   ;; Bratislava;n735;@spitzlbergerj,@TipsyNurse
Slovenia   ;; Ljubljana;n736;@spitzlbergerj,@TipsyNurse
Solomon Islands  ;; Honiara;n273;@spitzlbergerj,@TipsyNurse
Somalia   ;; Mogadishu;n160;@spitzlbergerj,@TipsyNurse
South Africa;;Johannesburg;n111;@mumblebaj
South Africa  ;; Cape Town;n56;@spitzlbergerj,@TipsyNurse
South Africa  ;; Johannesburg;n111;@spitzlbergerj,@TipsyNurse
South Africa  ;; Marion Island (Prince Edward Islands);n3401;@spitzlbergerj,@TipsyNurse
South Africa  ;; Pretoria;n269;@spitzlbergerj,@TipsyNurse
South Georgia/Sandwich Is. ;; King Edward Point;n1985;@spitzlbergerj,@TipsyNurse
South Korea  ;; Seoul;n235;@spitzlbergerj,@TipsyNurse,@hiaustralian
South Sudan  ;; Juba;n2171;@spitzlbergerj,@TipsyNurse
Spain; ; A Coruña;n681;@qu1que
Spain; ; Barcelona;n31;@qu1que
Spain; ; Bilbao;n327;@qu1que
Spain; ; Lugo;n3334;@qu1que
Spain; ; Madrid;n141;@qu1que
Spain; ; Santa Cruz de Tenerife;n683;@qu1que
Spain; ; Sevilla;n321;@qu1que
Spain; ; Valencia;n325;@qu1que
Spain; ; Valladolid;n3751;@qu1que
Spain; ; Vigo;n4529;@qu1que
Spain; ; Zaragoza;n326;@qu1que
Spain   ; Barcelona; Barcelona;n31;@spitzlbergerj,@TipsyNurse
Spain   ; Majorca; Palma;n191;@spitzlbergerj,@TipsyNurse
Spain   ;; Madrid;n141;@spitzlbergerj,@TipsyNurse
Sri Lanka  ;; Colombo;n389;@spitzlbergerj,@TipsyNurse
Sri Lanka  ;; Sri Jayawardenepura Kotte;n1925;@spitzlbergerj,@TipsyNurse
Sudan   ;; Khartoum;n118;@spitzlbergerj,@TipsyNurse
Suriname   ;; Paramaribo;n194;@spitzlbergerj,@TipsyNurse
Sweden; ; Gothenburg;n291;@Nilnik
Sweden;; Stockholm;n239;
Sweden   ;; Stockholm;n239;@spitzlbergerj,@TipsyNurse
Switzerland; ; Zuerich;n268 ;@CyruS1337
Switzerland;; Geneva;n87;
Switzerland   ; Bern; Bern;n270;@spitzlbergerj,@TipsyNurse
Switzerland   ; Geneva; Geneva;n87;@spitzlbergerj,@TipsyNurse
Switzerland   ; Zurich; Zürich;n268;@spitzlbergerj,@TipsyNurse
Syria   ;; Damascus;n487;@spitzlbergerj,@TipsyNurse
Taiwan   ;; Taipei;n241;@spitzlbergerj,@TipsyNurse
Tajikistan   ;; Dushanbe;n385;@spitzlbergerj,@TipsyNurse
Tanzania   ;; Dar es Salaam;n71;@spitzlbergerj,@TipsyNurse
Tanzania   ;; Dodoma;n1030;@spitzlbergerj,@TipsyNurse
Thailand   ;; Bangkok;n28;@spitzlbergerj,@TipsyNurse
Timor-Leste   ;; Dili;n768;@spitzlbergerj,@TipsyNurse
Togo   ;; Lomé;n135;@spitzlbergerj,@TipsyNurse
Tokelau   ;; Fakaofo;n738;@spitzlbergerj,@TipsyNurse
Tonga   ;;nukualofa;n277;@spitzlbergerj,@TipsyNurse
Trinidad and Tobago ;; Port of Spain;n588;@spitzlbergerj,@TipsyNurse
Tunisia   ;; Tunis;n253;@spitzlbergerj,@TipsyNurse
Turkey   ;; Ankara;n19;@spitzlbergerj,@TipsyNurse
Turkey   ;; Istanbul;n107;@spitzlbergerj,@TipsyNurse
Turkmenistan   ;; Ashgabat;n387;@spitzlbergerj,@TipsyNurse
Tuvalu   ;; Funafuti;n272;@spitzlbergerj,@TipsyNurse
Uganda   ;; Kampala;n115;@spitzlbergerj,@TipsyNurse
Ukraine   ; Dnipropetrovsk; Dnipro;n4060;@spitzlbergerj,@TipsyNurse
Ukraine   ; Kyiv; Kyiv;n367;@spitzlbergerj,@TipsyNurse
Ukraine   ; Odessa; Odesa;n366;@spitzlbergerj,@TipsyNurse
United Arab Emirates ; Abu Dhabi; Abu Dhabi;n2;@spitzlbergerj,@TipsyNurse
United Arab Emirates ; Dubai; Dubai;n776;@spitzlbergerj,@TipsyNurse
United Kingdom  ; n2483;@dazza120
United Kingdom  ; London;n136;
United Kingdom  ; Middlesbrough, n1343 @Biffer902
United Kingdom  ; England; Bromley;n4744;@spitzlbergerj,@TipsyNurse
United Kingdom  ; England; Croydon;n5264;@spitzlbergerj,@TipsyNurse
United Kingdom  ; England; Enfield;n4733;@spitzlbergerj,@TipsyNurse
United Kingdom  ; England; Epsom;n4793;@spitzlbergerj,@TipsyNurse
United Kingdom  ; England; Greenwich Borough;n769;@spitzlbergerj,@TipsyNurse
United Kingdom  ; England; London;n136;@spitzlbergerj,@TipsyNurse
United Kingdom  ; England; Loughton;n2125;@spitzlbergerj,@TipsyNurse
United Kingdom  ; Scotland; Edinburgh;n304;@spitzlbergerj,@TipsyNurse
United Kingdom  ; Scotland; Glasgow;n90;@spitzlbergerj,@TipsyNurse
United Kingdom  ; Wales; Cardiff;n298;@spitzlbergerj,@TipsyNurse
United Kingdom  ;northern Ireland; Belfast;n919;@spitzlbergerj,@TipsyNurse
Uruguay;; Montevideo;n163;@spitzlbergerj,@TipsyNurse
US Minor Outlying Islands;; Baker Island;n3399;@spitzlbergerj,@TipsyNurse
US Minor Outlying Islands;; Midway;n1890;@spitzlbergerj,@TipsyNurse
US Minor Outlying Islands;; Wake Island;n2131;@spitzlbergerj,@TipsyNurse
USA; Albuquerque;nm;n394 ;@sdetweil
USA; Austin; Texas;n64 ;@sdetweil
USA; Boston; MA;n43 ;@rts58
USA; CA; ;n137;
USA; Central America; ;n94;@rmonteroc
USA; Central Time zone; Chicago;n64;@vinp
USA; Dallas; Texas;n70;@sdetweil
USA; Houston; Texas;n104 ;@sdetweil
USA; IL; ;n64;
USA; Iowa; Des Moines;n76;@justjim
USA; Kansas; Overland Park;n868;@justjim
USA; Kansas;Kansas City;n5080;@justjim
USA; Missouri; Independence;n838;@justjim
USA; Missouri; Kansas City;n405;@justjim
USA; Missouri; Maryville;n5345;@justjim
USA; Missouri; Saint Joseph;n5688;@justjim
USA; Phoenix; Az;n197;@sdetweil
USA; TX; ;n70;
USA;nJ; Freehold;n2268 ;@swvalenti
USA;nY; ;n179;
USA   ; Alabama; Montgomery;n407;@spitzlbergerj,@TipsyNurse
USA   ; Alaska; Adak;n13;@spitzlbergerj,@TipsyNurse
USA   ; Alaska; Anchorage;n18;@spitzlbergerj,@TipsyNurse
USA   ; Alaska; Fairbanks;n81;@spitzlbergerj,@TipsyNurse
USA   ; Alaska; Juneau;n112;@spitzlbergerj,@TipsyNurse
USA   ; Alaska; Unalaska;n931;@spitzlbergerj,@TipsyNurse
USA   ; Arizona; Phoenix;n197;@spitzlbergerj,@TipsyNurse
USA   ; Arkansas; Little Rock;n134;@spitzlbergerj,@TipsyNurse
USA   ; California; Los Angeles;n137;@spitzlbergerj,@TipsyNurse
USA   ; California; Sacramento;n217;@spitzlbergerj,@TipsyNurse
USA   ; California; San Diego;n770;@spitzlbergerj,@TipsyNurse
USA   ; California; San Francisco;n224;@spitzlbergerj,@TipsyNurse
USA   ; California; San Jose;n283;@spitzlbergerj,@TipsyNurse
USA   ; Colorado; Denver;n75;@spitzlbergerj,@TipsyNurse
USA   ; Connecticut; Hartford;n98;@spitzlbergerj,@TipsyNurse
USA   ; Delaware; Dover;n1029;@spitzlbergerj,@TipsyNurse
USA   ; District of Columbia; Washington DC;n263;@spitzlbergerj,@TipsyNurse
USA   ; Florida; Miami;n156;@spitzlbergerj,@TipsyNurse
USA   ; Florida; Orlando;n867;@spitzlbergerj,@TipsyNurse
USA   ; Florida; Pensacola;n944;@spitzlbergerj,@TipsyNurse
USA   ; Georgia; Atlanta;n25;@spitzlbergerj,@TipsyNurse
USA   ; Hawaii; Honolulu;n103;@spitzlbergerj,@TipsyNurse
USA   ; Idaho; Boise;n42;@spitzlbergerj,@TipsyNurse
USA   ; Illinois; Chicago;n64;@spitzlbergerj,@TipsyNurse
USA   ; Indiana; Indianapolis;n105;@spitzlbergerj,@TipsyNurse
USA   ; Iowa; Des Moines;n76;@spitzlbergerj,@TipsyNurse
USA   ; Kansas; Topeka;n249;@spitzlbergerj,@TipsyNurse
USA   ; Kentucky; Louisville;n413;@spitzlbergerj,@TipsyNurse
USA   ; Louisiana;new Orleans;n178;@spitzlbergerj,@TipsyNurse
USA   ; Maine; Augusta;n23;@spitzlbergerj,@TipsyNurse
USA   ; Maryland; Baltimore;n419;@spitzlbergerj,@TipsyNurse
USA   ; Massachusetts; Boston;n43;@spitzlbergerj,@TipsyNurse
USA   ; Michigan; Detroit;n77;@spitzlbergerj,@TipsyNurse
USA   ; Minnesota; Minneapolis;n159;@spitzlbergerj,@TipsyNurse
USA   ; Minnesota; St. Paul;n219;@spitzlbergerj,@TipsyNurse
USA   ; Mississippi; Jackson;n515;@spitzlbergerj,@TipsyNurse
USA   ; Missouri; Kansas City;n405;@spitzlbergerj,@TipsyNurse
USA   ; Missouri; St. Louis;n605;@spitzlbergerj,@TipsyNurse
USA   ; Montana; Billings;n448;@spitzlbergerj,@TipsyNurse
USA   ; Ohio; Columbus;n805;@spitzlbergerj,@TipsyNurse
USA   ; Oklahoma; Oklahoma City;n184;@spitzlbergerj,@TipsyNurse
USA   ; Oregon; Portland;n202;@spitzlbergerj,@TipsyNurse
USA   ; Oregon; Salem;n221;@spitzlbergerj,@TipsyNurse
USA   ; Pennsylvania; Philadelphia;n198;@spitzlbergerj,@TipsyNurse
USA   ; Rhode Island; Providence;n878;@spitzlbergerj,@TipsyNurse
USA   ; South Carolina; Columbia;n66;@spitzlbergerj,@TipsyNurse
USA   ; South Dakota; Rapid City;n1920;@spitzlbergerj,@TipsyNurse
USA   ; South Dakota; Sioux Falls;n627;@spitzlbergerj,@TipsyNurse
USA   ; Tennessee; Knoxville;n843;@spitzlbergerj,@TipsyNurse
USA   ; Tennessee;nashville;n171;@spitzlbergerj,@TipsyNurse
USA   ; Texas; Austin;n24;@spitzlbergerj,@TipsyNurse
USA   ; Texas; Dallas;n70;@spitzlbergerj,@TipsyNurse
USA   ; Texas; Houston;n104;@spitzlbergerj,@TipsyNurse
USA   ; Texas; Midland;n1921;@spitzlbergerj,@TipsyNurse
USA   ; Utah; Salt Lake City;n220;@spitzlbergerj,@TipsyNurse
USA   ; Vermont; Montpelier;n164;@spitzlbergerj,@TipsyNurse
USA   ; Virginia; Richmond;n212;@spitzlbergerj,@TipsyNurse
USA   ; Washington; Seattle;n234;@spitzlbergerj,@TipsyNurse
USA   ; West Virginia; Charleston;n62;@spitzlbergerj,@TipsyNurse
USA   ; Wisconsin; Madison;n142;@spitzlbergerj,@TipsyNurse
USA   ; Wisconsin; Milwaukee;n158;@spitzlbergerj,@TipsyNurse
USA   ; Wyoming; Cheyenne;n778;@spitzlbergerj,@TipsyNurse
USA   ;nebraska; Lincoln;n132;@spitzlbergerj,@TipsyNurse
USA   ;nevada; Las Vegas;n127;@spitzlbergerj,@TipsyNurse
USA   ;new Hampshire; Concord;n68;@spitzlbergerj,@TipsyNurse
USA   ;new Jersey;newark;n861;@spitzlbergerj,@TipsyNurse
USA   ;new Mexico; Albuquerque;n394;@spitzlbergerj,@TipsyNurse
USA   ;new York;new York;n179;@spitzlbergerj,@TipsyNurse
USA   ;north Carolina; Raleigh;n207;@spitzlbergerj,@TipsyNurse
USA   ;north Dakota; Bismarck;n39;@spitzlbergerj,@TipsyNurse
Uzbekistan   ;; Tashkent;n244;@spitzlbergerj,@TipsyNurse
Vanuatu   ;; Port Vila;n280;@spitzlbergerj,@TipsyNurse
Vatican City State ;; Vatican City;n710;@spitzlbergerj,@TipsyNurse
Venezuela   ;; Caracas;n58;@spitzlbergerj,@TipsyNurse
Vietnam   ;; Hanoi;n95;@spitzlbergerj,@TipsyNurse
Vietnam   ;; Ho Chi Minh;n218;@spitzlbergerj,@TipsyNurse
Western Sahara  ;; El Aaiún;n741;@spitzlbergerj,@TipsyNurse
Yemen   ;; Aden;n6;@spitzlbergerj,@TipsyNurse
Yemen   ;; Sana;n672;@spitzlbergerj,@TipsyNurse
Zambia   ;; Lusaka;n140;@spitzlbergerj,@TipsyNurse
Zimbabwe   ;; Harare;n96;@spitzlbergerj,@TipsyNurse
